Daily Mean,Annualized Return,Daily Volatility,Annualized Volatility
0.0014410492107317637,0.36314440110440444,0.03372251337906424,0.5353283039103145
