Daily Mean,Annualized Return,Daily Volatility,Annualized Volatility
-0.000942328959236616,-0.23746689772762725,0.03573286546259631,0.5672416538745529
